{
  "project_info": {
    "project_number": "965661160860",
    "project_id": "uberflutterclone-fd3bf",
    "storage_bucket": "uberflutterclone-fd3bf.appspot.com"
  },
  "client": [
    {
      "client_info": {
        "mobilesdk_app_id": "1:965661160860:android:0cb27e8ffd0617f9770459",
        "android_client_info": {
          "package_name": "com.example.rider_app"
        }
      },
      "oauth_client": [
        {
          "client_id": "965661160860-g2q44dtu8lnjk7mbopa9001tre3f2ivg.apps.googleusercontent.com",
          "client_type": 3
        }
      ],
      "api_key": [
        {
          "current_key": "AIzaSyAzQrxdbel0Xzpov9uRecQ9MZhbtXGwjXY"
        }
      ],
      "services": {
        "appinvite_service": {
          "other_platform_oauth_client": [
            {
              "client_id": "965661160860-g2q44dtu8lnjk7mbopa9001tre3f2ivg.apps.googleusercontent.com",
              "client_type": 3
            }
          ]
        }
      }
    }
  ],
  "configuration_version": "1"
}